{"data":[{"nombre":"01 XICOTEPEC DE JUAREZ","total_actas":280,"actas_procesadas":32,"actas_correctas":26,"actas_digitalizadas":31,"actas_acopiadas":33,"total_de_votos":5094,"lista_nominal":149158,"participacion":36.5711,"porcentaje_actas_procesadas":9.2857,"votos_por_partido":[{"partido_imagen":"Pan-Pt-Na-Cpp-Psi.png","votos":3621,"partido_siglas":"SUM-PAN","color":"#1081C0","en_grafica":true,"en_tabla":false},{"partido_imagen":"Pri-Pv-Pes.png","votos":872,"partido_siglas":"SUM-PRI","color":"#f63200","en_grafica":true,"en_tabla":false},{"partido_imagen":"prd.png","votos":149,"partido_siglas":"PRD","color":"#FCD82A","en_grafica":true,"en_tabla":true},{"partido_imagen":"mor.png","votos":113,"partido_siglas":"MOR","color":"#B85756","en_grafica":true,"en_tabla":true},{"partido_imagen":"CANDIDATA_INDEPENDIENTE.png","votos":113,"partido_siglas":"CI","color":"#8424d6","en_grafica":true,"en_tabla":true},{"partido_imagen":"cnr.png","votos":113,"partido_siglas":"CNR","color":"#878A87","en_grafica":true,"en_tabla":true},{"partido_imagen":"nulos.png","votos":113,"partido_siglas":"NULOS","color":"#EEB4BF","en_grafica":true,"en_tabla":true}],"total_votantes":1800,"total_sobrantes":1800,"votos_sacados_urna":1800},{"nombre":"02 HUAUCHINANGO DE DEGOLLADO","total_actas":261,"actas_procesadas":7,"actas_correctas":7,"actas_digitalizadas":7,"actas_acopiadas":7,"total_de_votos":108,"lista_nominal":146538,"participacion":3.1746,"porcentaje_actas_procesadas":2.6819,"votos_por_partido":[{"partido_imagen":"Pan-Pt-Na-Cpp-Psi.png","votos":30,"partido_siglas":"SUM-PAN","color":"#1081C0","en_grafica":true,"en_tabla":false},{"partido_imagen":"Pri-Pv-Pes.png","votos":21,"partido_siglas":"SUM-PRI","color":"#f63200","en_grafica":true,"en_tabla":false},{"partido_imagen":"prd.png","votos":13,"partido_siglas":"PRD","color":"#FCD82A","en_grafica":true,"en_tabla":true},{"partido_imagen":"mor.png","votos":0,"partido_siglas":"MOR","color":"#B85756","en_grafica":true,"en_tabla":true},{"partido_imagen":"CANDIDATA_INDEPENDIENTE.png","votos":7,"partido_siglas":"CI","color":"#8424d6","en_grafica":true,"en_tabla":true},{"partido_imagen":"cnr.png","votos":16,"partido_siglas":"CNR","color":"#878A87","en_grafica":true,"en_tabla":true},{"partido_imagen":"nulos.png","votos":21,"partido_siglas":"NULOS","color":"#EEB4BF","en_grafica":true,"en_tabla":true}],"total_votantes":21,"total_sobrantes":21,"votos_sacados_urna":21},{"nombre":"03 ZACATLAN","total_actas":275,"actas_procesadas":54,"actas_correctas":44,"actas_digitalizadas":50,"actas_acopiadas":54,"total_de_votos":1703,"lista_nominal":154485,"participacion":7.4166,"porcentaje_actas_procesadas":16,"votos_por_partido":[{"partido_imagen":"Pan-Pt-Na-Cpp-Psi.png","votos":1149,"partido_siglas":"SUM-PAN","color":"#1081C0","en_grafica":true,"en_tabla":false},{"partido_imagen":"Pri-Pv-Pes.png","votos":360,"partido_siglas":"SUM-PRI","color":"#f63200","en_grafica":true,"en_tabla":false},{"partido_imagen":"prd.png","votos":68,"partido_siglas":"PRD","color":"#FCD82A","en_grafica":true,"en_tabla":true},{"partido_imagen":"mor.png","votos":31,"partido_siglas":"MOR","color":"#B85756","en_grafica":true,"en_tabla":true},{"partido_imagen":"CANDIDATA_INDEPENDIENTE.png","votos":30,"partido_siglas":"CI","color":"#8424d6","en_grafica":true,"en_tabla":true},{"partido_imagen":"cnr.png","votos":30,"partido_siglas":"CNR","color":"#878A87","en_grafica":true,"en_tabla":true},{"partido_imagen":"nulos.png","votos":35,"partido_siglas":"NULOS","color":"#EEB4BF","en_grafica":true,"en_tabla":true}],"total_votantes":70,"total_sobrantes":70,"votos_sacados_urna":70},{"nombre":"04 ZACAPOAXTLA","total_actas":273,"actas_procesadas":102,"actas_correctas":78,"actas_digitalizadas":90,"actas_acopiadas":102,"total_de_votos":5819,"lista_nominal":152907,"participacion":12.4598,"porcentaje_actas_procesadas":28.5714,"votos_por_partido":[{"partido_imagen":"Pan-Pt-Na-Cpp-Psi.png","votos":2813,"partido_siglas":"SUM-PAN","color":"#1081C0","en_grafica":true,"en_tabla":false},{"partido_imagen":"Pri-Pv-Pes.png","votos":1537,"partido_siglas":"SUM-PRI","color":"#f63200","en_grafica":true,"en_tabla":false},{"partido_imagen":"prd.png","votos":743,"partido_siglas":"PRD","color":"#FCD82A","en_grafica":true,"en_tabla":true},{"partido_imagen":"mor.png","votos":226,"partido_siglas":"MOR","color":"#B85756","en_grafica":true,"en_tabla":true},{"partido_imagen":"CANDIDATA_INDEPENDIENTE.png","votos":155,"partido_siglas":"CI","color":"#8424d6","en_grafica":true,"en_tabla":true},{"partido_imagen":"cnr.png","votos":173,"partido_siglas":"CNR","color":"#878A87","en_grafica":true,"en_tabla":true},{"partido_imagen":"nulos.png","votos":172,"partido_siglas":"NULOS","color":"#EEB4BF","en_grafica":true,"en_tabla":true}],"total_votantes":88,"total_sobrantes":88,"votos_sacados_urna":88},{"nombre":"05 TLATLAUQUITEPEC","total_actas":257,"actas_procesadas":9,"actas_correctas":5,"actas_digitalizadas":6,"actas_acopiadas":10,"total_de_votos":1109,"lista_nominal":146995,"participacion":42.1673,"porcentaje_actas_procesadas":1.9455,"votos_por_partido":[{"partido_imagen":"Pan-Pt-Na-Cpp-Psi.png","votos":1020,"partido_siglas":"SUM-PAN","color":"#1081C0","en_grafica":true,"en_tabla":false},{"partido_imagen":"Pri-Pv-Pes.png","votos":52,"partido_siglas":"SUM-PRI","color":"#f63200","en_grafica":true,"en_tabla":false},{"partido_imagen":"prd.png","votos":9,"partido_siglas":"PRD","color":"#FCD82A","en_grafica":true,"en_tabla":true},{"partido_imagen":"mor.png","votos":7,"partido_siglas":"MOR","color":"#B85756","en_grafica":true,"en_tabla":true},{"partido_imagen":"CANDIDATA_INDEPENDIENTE.png","votos":7,"partido_siglas":"CI","color":"#8424d6","en_grafica":true,"en_tabla":true},{"partido_imagen":"cnr.png","votos":7,"partido_siglas":"CNR","color":"#878A87","en_grafica":true,"en_tabla":true},{"partido_imagen":"nulos.png","votos":7,"partido_siglas":"NULOS","color":"#EEB4BF","en_grafica":true,"en_tabla":true}],"total_votantes":7,"total_sobrantes":7,"votos_sacados_urna":7},{"nombre":"06 TEZIUTLAN","total_actas":255,"actas_procesadas":32,"actas_correctas":27,"actas_digitalizadas":30,"actas_acopiadas":32,"total_de_votos":2971,"lista_nominal":152567,"participacion":17.714,"porcentaje_actas_procesadas":10.5882,"votos_por_partido":[{"partido_imagen":"Pan-Pt-Na-Cpp-Psi.png","votos":993,"partido_siglas":"SUM-PAN","color":"#1081C0","en_grafica":true,"en_tabla":false},{"partido_imagen":"Pri-Pv-Pes.png","votos":781,"partido_siglas":"SUM-PRI","color":"#f63200","en_grafica":true,"en_tabla":false},{"partido_imagen":"prd.png","votos":63,"partido_siglas":"PRD","color":"#FCD82A","en_grafica":true,"en_tabla":true},{"partido_imagen":"mor.png","votos":1062,"partido_siglas":"MOR","color":"#B85756","en_grafica":true,"en_tabla":true},{"partido_imagen":"CANDIDATA_INDEPENDIENTE.png","votos":24,"partido_siglas":"CI","color":"#8424d6","en_grafica":true,"en_tabla":true},{"partido_imagen":"cnr.png","votos":24,"partido_siglas":"CNR","color":"#878A87","en_grafica":true,"en_tabla":true},{"partido_imagen":"nulos.png","votos":24,"partido_siglas":"NULOS","color":"#EEB4BF","en_grafica":true,"en_tabla":true}],"total_votantes":33,"total_sobrantes":30,"votos_sacados_urna":38},{"nombre":"09 HEROICA PUEBLA DE ZARAGOZA","total_actas":271,"actas_procesadas":63,"actas_correctas":30,"actas_digitalizadas":50,"actas_acopiadas":66,"total_de_votos":1025,"lista_nominal":176739,"participacion":5.5282,"porcentaje_actas_procesadas":11.0701,"votos_por_partido":[{"partido_imagen":"Pan-Pt-Na-Cpp-Psi.png","votos":728,"partido_siglas":"SUM-PAN","color":"#1081C0","en_grafica":true,"en_tabla":false},{"partido_imagen":"Pri-Pv-Pes.png","votos":144,"partido_siglas":"SUM-PRI","color":"#f63200","en_grafica":true,"en_tabla":false},{"partido_imagen":"prd.png","votos":24,"partido_siglas":"PRD","color":"#FCD82A","en_grafica":true,"en_tabla":true},{"partido_imagen":"mor.png","votos":20,"partido_siglas":"MOR","color":"#B85756","en_grafica":true,"en_tabla":true},{"partido_imagen":"CANDIDATA_INDEPENDIENTE.png","votos":20,"partido_siglas":"CI","color":"#8424d6","en_grafica":true,"en_tabla":true},{"partido_imagen":"cnr.png","votos":69,"partido_siglas":"CNR","color":"#878A87","en_grafica":true,"en_tabla":true},{"partido_imagen":"nulos.png","votos":20,"partido_siglas":"NULOS","color":"#EEB4BF","en_grafica":true,"en_tabla":true}],"total_votantes":20,"total_sobrantes":70,"votos_sacados_urna":21},{"nombre":"10 HEROICA PUEBLA DE ZARAGOZA","total_actas":320,"actas_procesadas":73,"actas_correctas":52,"actas_digitalizadas":66,"actas_acopiadas":74,"total_de_votos":2403,"lista_nominal":189116,"participacion":7.6363,"porcentaje_actas_procesadas":16.25,"votos_por_partido":[{"partido_imagen":"Pan-Pt-Na-Cpp-Psi.png","votos":1324,"partido_siglas":"SUM-PAN","color":"#1081C0","en_grafica":true,"en_tabla":false},{"partido_imagen":"Pri-Pv-Pes.png","votos":877,"partido_siglas":"SUM-PRI","color":"#f63200","en_grafica":true,"en_tabla":false},{"partido_imagen":"prd.png","votos":52,"partido_siglas":"PRD","color":"#FCD82A","en_grafica":true,"en_tabla":true},{"partido_imagen":"mor.png","votos":37,"partido_siglas":"MOR","color":"#B85756","en_grafica":true,"en_tabla":true},{"partido_imagen":"CANDIDATA_INDEPENDIENTE.png","votos":40,"partido_siglas":"CI","color":"#8424d6","en_grafica":true,"en_tabla":true},{"partido_imagen":"cnr.png","votos":38,"partido_siglas":"CNR","color":"#878A87","en_grafica":true,"en_tabla":true},{"partido_imagen":"nulos.png","votos":35,"partido_siglas":"NULOS","color":"#EEB4BF","en_grafica":true,"en_tabla":true}],"total_votantes":300,"total_sobrantes":138,"votos_sacados_urna":302},{"nombre":"12 AMOZOC DE MOTA","total_actas":251,"actas_procesadas":86,"actas_correctas":77,"actas_digitalizadas":77,"actas_acopiadas":89,"total_de_votos":7764,"lista_nominal":157651,"participacion":15.6173,"porcentaje_actas_procesadas":30.6772,"votos_por_partido":[{"partido_imagen":"Pan-Pt-Na-Cpp-Psi.png","votos":4869,"partido_siglas":"SUM-PAN","color":"#1081C0","en_grafica":true,"en_tabla":false},{"partido_imagen":"Pri-Pv-Pes.png","votos":2272,"partido_siglas":"SUM-PRI","color":"#f63200","en_grafica":true,"en_tabla":false},{"partido_imagen":"prd.png","votos":125,"partido_siglas":"PRD","color":"#FCD82A","en_grafica":true,"en_tabla":true},{"partido_imagen":"mor.png","votos":125,"partido_siglas":"MOR","color":"#B85756","en_grafica":true,"en_tabla":true},{"partido_imagen":"CANDIDATA_INDEPENDIENTE.png","votos":125,"partido_siglas":"CI","color":"#8424d6","en_grafica":true,"en_tabla":true},{"partido_imagen":"cnr.png","votos":124,"partido_siglas":"CNR","color":"#878A87","en_grafica":true,"en_tabla":true},{"partido_imagen":"nulos.png","votos":124,"partido_siglas":"NULOS","color":"#EEB4BF","en_grafica":true,"en_tabla":true}],"total_votantes":125,"total_sobrantes":125,"votos_sacados_urna":125},{"nombre":"17 HEROICA PUEBLA DE ZARAGOZA","total_actas":408,"actas_procesadas":60,"actas_correctas":44,"actas_digitalizadas":51,"actas_acopiadas":60,"total_de_votos":5777,"lista_nominal":213954,"participacion":26.2997,"porcentaje_actas_procesadas":10.7843,"votos_por_partido":[{"partido_imagen":"Pan-Pt-Na-Cpp-Psi.png","votos":2975,"partido_siglas":"SUM-PAN","color":"#1081C0","en_grafica":true,"en_tabla":false},{"partido_imagen":"Pri-Pv-Pes.png","votos":1211,"partido_siglas":"SUM-PRI","color":"#f63200","en_grafica":true,"en_tabla":false},{"partido_imagen":"prd.png","votos":175,"partido_siglas":"PRD","color":"#FCD82A","en_grafica":true,"en_tabla":true},{"partido_imagen":"mor.png","votos":1096,"partido_siglas":"MOR","color":"#B85756","en_grafica":true,"en_tabla":true},{"partido_imagen":"CANDIDATA_INDEPENDIENTE.png","votos":269,"partido_siglas":"CI","color":"#8424d6","en_grafica":true,"en_tabla":true},{"partido_imagen":"cnr.png","votos":26,"partido_siglas":"CNR","color":"#878A87","en_grafica":true,"en_tabla":true},{"partido_imagen":"nulos.png","votos":25,"partido_siglas":"NULOS","color":"#EEB4BF","en_grafica":true,"en_tabla":true}],"total_votantes":672,"total_sobrantes":73,"votos_sacados_urna":672},{"nombre":"19 HEROICA PUEBLA DE ZARAGOZA","total_actas":300,"actas_procesadas":50,"actas_correctas":35,"actas_digitalizadas":43,"actas_acopiadas":50,"total_de_votos":1485,"lista_nominal":184029,"participacion":7.0409,"porcentaje_actas_procesadas":11.6666,"votos_por_partido":[{"partido_imagen":"Pan-Pt-Na-Cpp-Psi.png","votos":1270,"partido_siglas":"SUM-PAN","color":"#1081C0","en_grafica":true,"en_tabla":false},{"partido_imagen":"Pri-Pv-Pes.png","votos":177,"partido_siglas":"SUM-PRI","color":"#f63200","en_grafica":true,"en_tabla":false},{"partido_imagen":"prd.png","votos":30,"partido_siglas":"PRD","color":"#FCD82A","en_grafica":true,"en_tabla":true},{"partido_imagen":"mor.png","votos":2,"partido_siglas":"MOR","color":"#B85756","en_grafica":true,"en_tabla":true},{"partido_imagen":"CANDIDATA_INDEPENDIENTE.png","votos":2,"partido_siglas":"CI","color":"#8424d6","en_grafica":true,"en_tabla":true},{"partido_imagen":"cnr.png","votos":2,"partido_siglas":"CNR","color":"#878A87","en_grafica":true,"en_tabla":true},{"partido_imagen":"nulos.png","votos":2,"partido_siglas":"NULOS","color":"#EEB4BF","en_grafica":true,"en_tabla":true}],"total_votantes":2,"total_sobrantes":4,"votos_sacados_urna":2},{"nombre":"22 IZUCAR DE MATAMOROS","total_actas":335,"actas_procesadas":9,"actas_correctas":5,"actas_digitalizadas":7,"actas_acopiadas":10,"total_de_votos":877,"lista_nominal":181851,"participacion":27.6568,"porcentaje_actas_procesadas":1.4925,"votos_por_partido":[{"partido_imagen":"Pan-Pt-Na-Cpp-Psi.png","votos":480,"partido_siglas":"SUM-PAN","color":"#1081C0","en_grafica":true,"en_tabla":false},{"partido_imagen":"Pri-Pv-Pes.png","votos":140,"partido_siglas":"SUM-PRI","color":"#f63200","en_grafica":true,"en_tabla":false},{"partido_imagen":"prd.png","votos":74,"partido_siglas":"PRD","color":"#FCD82A","en_grafica":true,"en_tabla":true},{"partido_imagen":"mor.png","votos":90,"partido_siglas":"MOR","color":"#B85756","en_grafica":true,"en_tabla":true},{"partido_imagen":"CANDIDATA_INDEPENDIENTE.png","votos":65,"partido_siglas":"CI","color":"#8424d6","en_grafica":true,"en_tabla":true},{"partido_imagen":"cnr.png","votos":14,"partido_siglas":"CNR","color":"#878A87","en_grafica":true,"en_tabla":true},{"partido_imagen":"nulos.png","votos":14,"partido_siglas":"NULOS","color":"#EEB4BF","en_grafica":true,"en_tabla":true}],"total_votantes":17,"total_sobrantes":17,"votos_sacados_urna":17},{"nombre":"23 ACATLAN DE OSORIO","total_actas":327,"actas_procesadas":85,"actas_correctas":68,"actas_digitalizadas":80,"actas_acopiadas":88,"total_de_votos":7196,"lista_nominal":170148,"participacion":20.2967,"porcentaje_actas_procesadas":20.7951,"votos_por_partido":[{"partido_imagen":"Pan-Pt-Na-Cpp-Psi.png","votos":5785,"partido_siglas":"SUM-PAN","color":"#1081C0","en_grafica":true,"en_tabla":false},{"partido_imagen":"Pri-Pv-Pes.png","votos":850,"partido_siglas":"SUM-PRI","color":"#f63200","en_grafica":true,"en_tabla":false},{"partido_imagen":"prd.png","votos":197,"partido_siglas":"PRD","color":"#FCD82A","en_grafica":true,"en_tabla":true},{"partido_imagen":"mor.png","votos":91,"partido_siglas":"MOR","color":"#B85756","en_grafica":true,"en_tabla":true},{"partido_imagen":"CANDIDATA_INDEPENDIENTE.png","votos":91,"partido_siglas":"CI","color":"#8424d6","en_grafica":true,"en_tabla":true},{"partido_imagen":"cnr.png","votos":91,"partido_siglas":"CNR","color":"#878A87","en_grafica":true,"en_tabla":true},{"partido_imagen":"nulos.png","votos":91,"partido_siglas":"NULOS","color":"#EEB4BF","en_grafica":true,"en_tabla":true}],"total_votantes":92,"total_sobrantes":92,"votos_sacados_urna":92},{"nombre":"24 TEHUACAN","total_actas":253,"actas_procesadas":56,"actas_correctas":56,"actas_digitalizadas":56,"actas_acopiadas":57,"total_de_votos":9252,"lista_nominal":154043,"participacion":30.0292,"porcentaje_actas_procesadas":22.1343,"votos_por_partido":[{"partido_imagen":"Pan-Pt-Na-Cpp-Psi.png","votos":5560,"partido_siglas":"SUM-PAN","color":"#1081C0","en_grafica":true,"en_tabla":false},{"partido_imagen":"Pri-Pv-Pes.png","votos":2982,"partido_siglas":"SUM-PRI","color":"#f63200","en_grafica":true,"en_tabla":false},{"partido_imagen":"prd.png","votos":142,"partido_siglas":"PRD","color":"#FCD82A","en_grafica":true,"en_tabla":true},{"partido_imagen":"mor.png","votos":142,"partido_siglas":"MOR","color":"#B85756","en_grafica":true,"en_tabla":true},{"partido_imagen":"CANDIDATA_INDEPENDIENTE.png","votos":142,"partido_siglas":"CI","color":"#8424d6","en_grafica":true,"en_tabla":true},{"partido_imagen":"cnr.png","votos":142,"partido_siglas":"CNR","color":"#878A87","en_grafica":true,"en_tabla":true},{"partido_imagen":"nulos.png","votos":142,"partido_siglas":"NULOS","color":"#EEB4BF","en_grafica":true,"en_tabla":true}],"total_votantes":182,"total_sobrantes":152,"votos_sacados_urna":152},{"nombre":"25 TEHUACAN","total_actas":257,"actas_procesadas":38,"actas_correctas":35,"actas_digitalizadas":36,"actas_acopiadas":38,"total_de_votos":3222,"lista_nominal":161012,"participacion":13.6001,"porcentaje_actas_procesadas":13.6186,"votos_por_partido":[{"partido_imagen":"Pan-Pt-Na-Cpp-Psi.png","votos":2107,"partido_siglas":"SUM-PAN","color":"#1081C0","en_grafica":true,"en_tabla":false},{"partido_imagen":"Pri-Pv-Pes.png","votos":775,"partido_siglas":"SUM-PRI","color":"#f63200","en_grafica":true,"en_tabla":false},{"partido_imagen":"prd.png","votos":68,"partido_siglas":"PRD","color":"#FCD82A","en_grafica":true,"en_tabla":true},{"partido_imagen":"mor.png","votos":68,"partido_siglas":"MOR","color":"#B85756","en_grafica":true,"en_tabla":true},{"partido_imagen":"CANDIDATA_INDEPENDIENTE.png","votos":68,"partido_siglas":"CI","color":"#8424d6","en_grafica":true,"en_tabla":true},{"partido_imagen":"cnr.png","votos":68,"partido_siglas":"CNR","color":"#878A87","en_grafica":true,"en_tabla":true},{"partido_imagen":"nulos.png","votos":68,"partido_siglas":"NULOS","color":"#EEB4BF","en_grafica":true,"en_tabla":true}],"total_votantes":98,"total_sobrantes":98,"votos_sacados_urna":98},{"nombre":"26 AJALPAN","total_actas":272,"actas_procesadas":7,"actas_correctas":7,"actas_digitalizadas":7,"actas_acopiadas":7,"total_de_votos":301,"lista_nominal":152613,"participacion":7.3022,"porcentaje_actas_procesadas":2.5735,"votos_por_partido":[{"partido_imagen":"Pan-Pt-Na-Cpp-Psi.png","votos":217,"partido_siglas":"SUM-PAN","color":"#1081C0","en_grafica":true,"en_tabla":false},{"partido_imagen":"Pri-Pv-Pes.png","votos":49,"partido_siglas":"SUM-PRI","color":"#f63200","en_grafica":true,"en_tabla":false},{"partido_imagen":"prd.png","votos":7,"partido_siglas":"PRD","color":"#FCD82A","en_grafica":true,"en_tabla":true},{"partido_imagen":"mor.png","votos":7,"partido_siglas":"MOR","color":"#B85756","en_grafica":true,"en_tabla":true},{"partido_imagen":"CANDIDATA_INDEPENDIENTE.png","votos":7,"partido_siglas":"CI","color":"#8424d6","en_grafica":true,"en_tabla":true},{"partido_imagen":"cnr.png","votos":7,"partido_siglas":"CNR","color":"#878A87","en_grafica":true,"en_tabla":true},{"partido_imagen":"nulos.png","votos":7,"partido_siglas":"NULOS","color":"#EEB4BF","en_grafica":true,"en_tabla":true}],"total_votantes":7,"total_sobrantes":7,"votos_sacados_urna":7}],"portada":{"titulo":"Elecci\u00f3n de Gobernador","AvanceCaptura":8.2071,"actas_totales":7262,"votos":56106,"TotalActasProcesadasGobernador":763,"porcentaje_participacion":16.1957,"PorcentajeActasCapturadasGobernador":8.2071,"actas_correctas":596,"actas_esperadas":7262,"candidatos":[{"nombre":"JOSE ANTONIO GALI FAYAD <br> TONY GALI","votos":34941,"partido":"SUM-PAN","imagen":"Pan-Pt-Na-Cpp-Psi.png","color":"#1081C0"},{"nombre":"BLANCA MARIA DEL SOCORRO ALCALA RUIZ <br> BLANCA ALCALA","votos":13100,"partido":"SUM-PRI","imagen":"Pri-Pv-Pes.png","color":"#f63200"},{"nombre":"ROXANA LUNA PORQUILLO","votos":1939,"partido":"PRD","imagen":"prd.png","color":"#FCD82A"},{"nombre":"ABRAHAM QUIROZ PALACIOS","votos":3117,"partido":"MOR","imagen":"mor.png","color":"#B85756"},{"nombre":"ANA TERESA ARANDA OROZCO <br> ANA TERE","votos":1165,"partido":"CI","imagen":"CANDIDATA_INDEPENDIENTE.png","color":"#8424d6"},{"nombre":"CNR","votos":944,"partido":"CNR","imagen":"cnr.png","color":"#878A87"},{"nombre":"Nulos","votos":900,"partido":"NULOS","imagen":"nulos.png","color":"#EEB4BF"}],"lista_nominal_actas_computadas":346425,"actas_digitalizadas":687,"actas_acopiadas":778,"actas_procesadas":763,"total_votantes":3534,"total_sobrantes":2792,"votos_sacados_urna":3512,"ActasConInconsistencia":167,"PorcentajeActasConInconsistenciaGobernador":2.2996,"PorcentajeActasAcopiadasGlobal":10.7133,"PorcentajeActasPublicadas":10.5067},"extradata":{"hora_actualizacion":"2016-06-02 23:27:36","simulacro":48}}